word,count
community,64
people,61
us,37
world,32
social,29
help,26
communities,25
global,24
infrastructure,24
We,23
Facebook,23
groups,23
content,22
many,21
share,19
like,19
I,18
important,18
around,18
together,17
building,17
new,16
build,16
friends,15
want,14
must,13
even,13
In,13
across,13
local,12
one,12
safe,11
need,11
news,11
see,11
connect,10
tools,10
work,10
common,10
personal,10
issues,10
built,10
When,9
well,9
part,9
media,9
also,9
hope,9
This,9
come,9
always,8
opportunity,8
different,8
civic,8
may,8
example,8
information,8
There,8
A,8
greatest,8
The,7
past,7
group,7
system,7
Our,7
positive,7
cultural,7
every,7
whether,7
engagement,7
It,7
two,7
support,7
perspectives,7
take,7
make,7
time,7
collective,7
standards,7
sensationalism,6
years,6
give,6
often,6
representatives,6
find,6
largest,6
society,6
existing,6
harm,6
For,6
way,6
online,6
could,6
reflect,6
norms,6
taking,6
year,6
ideas,6
understanding,6
physical,6
meaningful,6
seen,6
reading,6
strengthen,6
vote,5
millions,5
impact,5
made,5
improving,5
ever,5
governance,5
engaged,5
better,5
taken,5
How,5
power,5
connecting,5
process,5
use,5
know,5
discourse,5
videos,5
experience,5
quickly,5
something,5
large,5
questions,5
range,5
diversity,5
At,5
everyone,5
On,5
worldwide,5
voice,5
would,5
create,5
These,5
cities,5
AI,5
voting,5
helps,5
identify,5
objectionable,5
making,5
keep,5
As,5
nudity,5
show,5
informed,5
examples,4
misinformation,4
TV,4
governments,4
speech,4
values,4
without,4
families,4
leaders,4
towards,4
might,4
idea,4
suggests,4
bring,4
real,4
terrorism,4
sports,4
today,4
nations,4
opinions,4
look,4
needs,4
greater,4
Standards,4
best,4
alone,4
become,4
long,4
focus,4
decision,4
cultures,4
less,4
others,4
billion,4
crisis,4
approach,4
million,4
developing,4
progress,4
story,4
effects,4
participate,4
They,4
helping,4
things,4
good,4
team,4
favorite,4
based,4
possible,4
times,4
countries,4
public,4
forward,4
organizations,4
violence,4
technology,4
related,4
political,4
right,4
rebuild,4
already,4
crises,4
review,4
person,4
Community,4
messages,4
safety,4
health,3
believe,3
cases,3
almost,3
Safety,3
child,3
someone,3
photo,3
humanity,3
video,3
requires,3
ways,3
afterwards,3
disease,3
able,3
participation,3
controls,3
citizens,3
country,3
Today,3
shared,3
keeping,3
systems,3
going,3
clear,3
emphasize,3
reported,3
democratic,3
contribute,3
strengthening,3
scale,3
works,3
day,3
mistakes,3
little,3
connection,3
including,3
errors,3
processes,3
sometimes,3
think,3
becoming,3
last,3
plan,3
WhatsApp,3
sense,3
provide,3
get,3
next,3
family,3
fabric,3
recently,3
single,3
majority,3
understand,3
number,3
told,3
relationships,3
bringing,3
views,3
stories,3
With,3
sign,3
anyone,3
named,3
members,3
explore,3
shows,3
since,3
set,3
prevent,3
development,3
usually,3
problems,3
And,3
polarization,3
started,3
If,3
bad,3
Similarly,3
step,3
ahead,3
challenges,3
reflecting,3
dedicated,3
sensational,3
still,3
War,3
Check,3
reinforce,2
fully,2
left,2
solve,2
declining,2
completely,2
man,2
hold,2
commit,2
options,2
increase,2
lives,2
joining,2
But,2
activated,2
empower,2
capture,2
half,2
spiritual,2
encourage,2
allow,2
teams,2
graphic,2
accountability,2
grow,2
traditional,2
sure,2
establishing,2
actually,2
threats,2
measure,2
focused,2
events,2
complexity,2
spam,2
Monis,2
form,2
Just,2
region,2
newsworthy,2
internet,2
connections,2
register,2
much,2
post,2
likely,2
experiences,2
Since,2
responsibility,2
hoaxes,2
India,2
let,2
hate,2
whole,2
violent,2
interests,2
To,2
affect,2
enough,2
easier,2
bigger,2
call,2
dialogue,2
polarized,2
term,2
areas,2
Keeping,2
starting,2
diagnosed,2
point,2
happening,2
done,2
anew,2
natural,2
networks,2
learned,2
ability,2
complete,2
opportunities,2
saw,2
United,2
save,2
adapt,2
update,2
committed,2
control,2
industry,2
depicting,2
shown,2
lot,2
history,2
Black,2
engage,2
refugee,2
major,2
among,2
civically,2
direct,2
least,2
mitigating,2
decline,2
communication,2
emotional,2
tribes,2
improve,2
showing,2
spread,2
fighting,2
vast,2
terrorist,2
sub,2
positioned,2
path,2
pieces,2
membership,2
evolve,2
disasters,2
States,2
okay,2
helped,2
develop,2
refugees,2
start,2
similar,2
continue,2
institutions,2
reach,2
evolving,2
instead,2
rebuilds,2
discuss,2
organization,2
disaster,2
enable,2
elections,2
striking,2
inclusive,2
protest,2
settings,2
mitigate,2
end,2
prevents,2
sexually,2
opinion,2
daily,2
resources,2
steps,2
getting,2
raising,2
change,2
Terror,2
parents,2
eventually,2
national,2
Research,2
current,2
first,2
comments,2
offline,2
coming,2
election,2
ideological,2
free,2
using,2
Over,2
tell,2
line,2
suited,2
connected,2
voices,2
larger,2
purpose,2
uniquely,2
worry,2
necessary,2
fight,2
seriously,2
lack,2
movements,2
feel,2
began,2
photos,2
encryption,2
exposes,2
billions,2
historically,2
business,2
Although,2
effort,2
care,2
population,2
diverse,2
goal,2
occasion,2
require,2
network,2
historical,2
reminded,2
journey,2
strong,2
enabling,2
meet,2
nation,2
never,2
levels,2
medium,2
supportive,2
That,2
guiding,2
climate,2
services,2
responses,2
increasing,2
viewpoints,2
smaller,2
intelligence,2
directly,2
provides,2
healthy,2
simply,1
following,1
Diego,1
checkers,1
company,1
removing,1
sources,1
models,1
second,1
fault,1
Epidermolysis,1
another,1
overestimate,1
month,1
naturally,1
Instead,1
decade,1
noticed,1
transcending,1
sensitive,1
Progress,1
honor,1
bother,1
attack,1
fits,1
hateful,1
present,1
resonant,1
ask,1
organize,1
shifting,1
expected,1
multiple,1
function,1
decades,1
Prime,1
surveys,1
stormy,1
oversimplified,1
analyzing,1
platforms,1
piled,1
CommunityThe,1
ensure,1
success,1
villages,1
unique,1
demands,1
oversimplifies,1
headlines,1
general,1
broader,1
unsettled,1
check,1
Berlin,1
banning,1
structure,1
streamed,1
incentivize,1
organizes,1
reviews,1
churches,1
extremely,1
block,1
democracy,1
mentorship,1
alongside,1
ago,1
assist,1
alternate,1
recruit,1
dig,1
primary,1
elected,1
institutional,1
sons,1
calls,1
low,1
fit,1
types,1
member,1
increased,1
handling,1
goodness,1
reflects,1
wins,1
communicating,1
talk,1
headline,1
scales,1
backgrounds,1
spent,1
got,1
periodically,1
speaking,1
Civil,1
Middle,1
serving,1
distinct,1
spreading,1
sooner,1
coordinated,1
More,1
accepting,1
restrictions,1
No,1
campaigns,1
roles,1
opposite,1
non,1
homes,1
debates,1
segments,1
products,1
origin,1
President,1
quarter,1
big,1
anything,1
run,1
unwanted,1
accidents,1
Modi,1
govern,1
closer,1
generates,1
advances,1
nightclub,1
organized,1
conclusion,1
turnout,1
Square,1
research,1
open,1
numbers,1
thinking,1
accurately,1
mediating,1
high,1
admins,1
tech,1
short,1
Watching,1
poverty,1
worth,1
account,1
terrible,1
prevented,1
encouragement,1
fake,1
found,1
Matt,1
ballot,1
newly,1
Every,1
suffering,1
informing,1
offer,1
preventing,1
asked,1
click,1
Even,1
worried,1
wrote,1
jokes,1
reports,1
agree,1
meetings,1
reverse,1
within,1
odds,1
classes,1
early,1
active,1
effective,1
interact,1
worst,1
passive,1
principles,1
People,1
relief,1
ones,1
spectrum,1
added,1
organ,1
favor,1
formats,1
combined,1
framing,1
Nepal,1
Party,1
bubbles,1
publishers,1
proceeding,1
individual,1
finding,1
malicious,1
engaging,1
thoughtful,1
referendum,1
includes,1
project,1
bullying,1
rely,1
impossible,1
messaging,1
amount,1
simplicity,1
runs,1
concert,1
rituals,1
entertainment,1
parties,1
blood,1
charged,1
misclassifying,1
attempted,1
Yet,1
five,1
permissive,1
raises,1
However,1
exists,1
moment,1
kids,1
notified,1
studied,1
Bukhari,1
Tahrir,1
compromising,1
operational,1
joy,1
entire,1
connects,1
anymore,1
discussions,1
Christina,1
ongoing,1
receding,1
raise,1
recognize,1
boundaries,1
involves,1
expectations,1
upon,1
creating,1
regions,1
scaling,1
ups,1
From,1
mental,1
propaganda,1
fact,1
required,1
economic,1
minimize,1
images,1
developed,1
CommunitiesBuilding,1
succeed,1
working,1
environment,1
surface,1
protecting,1
Thank,1
reducing,1
technically,1
job,1
enforce,1
governing,1
powerful,1
means,1
artificial,1
March,1
refer,1
recent,1
span,1
satire,1
continents,1
laws,1
terribly,1
juries,1
school,1
pandemics,1
shelter,1
guidance,1
accelerating,1
divisiveness,1
leaving,1
encourages,1
organizing,1
question,1
mongering,1
donations,1
Where,1
item,1
protect,1
additional,1
signals,1
student,1
place,1
extensively,1
consistent,1
accuracy,1
pace,1
bright,1
crowdfunded,1
deepen,1
discourages,1
security,1
directions,1
feedback,1
playing,1
supporting,1
Orlando,1
eligible,1
My,1
rescued,1
Pulse,1
flag,1
conversations,1
difficult,1
Compared,1
Going,1
situation,1
reduce,1
event,1
Minister,1
compared,1
gatherings,1
suicides,1
pastor,1
called,1
amplified,1
achieve,1
emergencies,1
consumption,1
grandmother,1
stands,1
togethers,1
lens,1
food,1
rules,1
try,1
carefully,1
solutions,1
increases,1
policy,1
position,1
impacting,1
Feed,1
immediately,1
Matter,1
starts,1
patients,1
Fathers,1
painful,1
net,1
researching,1
determine,1
wrong,1
answers,1
Only,1
three,1
beliefs,1
everything,1
hundreds,1
imagine,1
criticizing,1
privacy,1
wo,1
spans,1
surprising,1
Both,1
European,1
shooting,1
foundation,1
Empowering,1
Americans,1
close,1
Bullosa,1
send,1
Alerts,1
foreign,1
marching,1
expose,1
pass,1
demonstrations,1
culture,1
Vietnam,1
tag,1
simple,1
join,1
parenting,1
selected,1
ending,1
future,1
deeper,1
settling,1
woman,1
Women,1
fear,1
percentages,1
lose,1
lifting,1
surprised,1
Lives,1
play,1
demonstrate,1
surfacing,1
alerted,1
accounts,1
inclusion,1
Sometimes,1
disagree,1
Sitting,1
looking,1
voter,1
ten,1
vital,1
goes,1
Any,1
establish,1
actual,1
survival,1
marked,1
basic,1
shift,1
article,1
Online,1
remarks,1
eliminated,1
CommunityBuilding,1
truth,1
market,1
continues,1
face,1
happen,1
aggregated,1
increasingly,1
behind,1
go,1
Amber,1
dispute,1
disturbing,1
newspaper,1
Within,1
source,1
hoax,1
virus,1
men,1
unions,1
government,1
great,1
correlated,1
globalization,1
giving,1
directed,1
principle,1
Giving,1
dinners,1
suggestions,1
hear,1
tragic,1
hurting,1
strengthens,1
spot,1
risks,1
insufficient,1
thanks,1
personally,1
obvious,1
affected,1
inadequate,1
suicide,1
builds,1
touch,1
doubt,1
intrinsic,1
religion,1
boosts,1
moral,1
filter,1
commitment,1
saying,1
reduced,1
live,1
pushes,1
children,1
permit,1
spanning,1
dying,1
editorial,1
realized,1
balanced,1
trend,1
small,1
Kenya,1
Lincoln,1
months,1
validation,1
politically,1
science,1
read,1
staying,1
posts,1
spouses,1
nuanced,1
creates,1
contain,1
Europeans,1
beyond,1
Tea,1
begin,1
missing,1
thing,1
comfort,1
sets,1
setting,1
design,1
especially,1
force,1
cutting,1
controversial,1
prosperity,1
overall,1
Messenger,1
critical,1
fragment,1
aspects,1
History,1
away,1
leaps,1
nuance,1
California,1
Live,1
percent,1
dramatically,1
correct,1
matter,1
expand,1
turned,1
seek,1
perspective,1
combine,1
energy,1
aware,1
unrelated,1
advice,1
accomplish,1
By,1
explicit,1
focuses,1
outstripped,1
speak,1
operating,1
facts,1
suggestive,1
debate,1
careful,1
suffer,1
What,1
politics,1
startups,1
difficulty,1
declined,1
level,1
intimate,1
learning,1
education,1
layers,1
profanity,1
rise,1
East,1
depth,1
relatively,1
isolation,1
box,1
double,1
concerns,1
generations,1
sustainable,1
suggest,1
peace,1
invest,1
mission,1
causes,1
reality,1
game,1
hundred,1
third,1
topics,1
whose,1
devices,1
rare,1
enter,1
picture,1
Pollution,1
philosophy,1
conflict,1
activities,1
mean,1
influence,1
led,1
San,1
address,1
worrying,1
life,1
frequently,1
act,1
loss,1
News,1
existential,1
turn,1
area,1
became,1
profit,1
successful,1
freedom,1
fund,1
model,1
remove,1
moments,1
referenda,1
jobs,1
promoting,1
wars,1
efforts,1
American,1
dorms,1
answering,1
judge,1
occurs,1
access,1
registries,1
given,1
course,1
ca,1
adapted,1
recover,1
Europe,1
growing,1
Indonesia,1
military,1
newspapers,1
reviewers,1
police,1
rewards,1
outright,1
quiet,1
Engaged,1
politicians,1
updates,1
leading,1
basis,1
amplify,1
Humanity,1
needed,1
noting,1
stand,1
reasons,1
default,1
structures,1
candidate,1
mobile,1
self,1
decide,1
withdrawing,1
sharing,1
uncovering,1
CommunityOur,1
difference,1
location,1
view,1
Problems,1
underestimate,1
raised,1
companies,1
fails,1
warning,1
classrooms,1
moves,1
met,1
victims,1
positions,1
policies,1
stay,1
none,1
limited,1
exist,1
donors,1
emergency,1
Iceland,1
Of,1
liberty,1
ministers,1
trying,1
thrive,1
case,1
invites,1
disorder,1
quality,1
CommunityAs,1
Right,1
action,1
whatever,1
perhaps,1
feasible,1
importance,1
Asia,1
dogmas,1
discussed,1
harassment,1
discussion,1
offensive,1
text,1
advocates,1
vantage,1
earthquake,1
reason,1
